ID;QALD;IDS SPARQL;Keywords Extracted;instrTree;instrPath;Longest QT-Path;Precision;Recall;F1-Score;Runtime;Nb Call
9;At which school was Yayoi Kusama educated at?;undefined;school(undefined),Yayoi Kusama(NE),educated(undefined);ROOT[undefined: undefined]  school[1: 1]    Yayoi Kusama[2: 1]      educated[3: 1]    educated[2: 2]      Yayoi Kusama[3: 1]  Yayoi Kusama[1: 2]    school[2: 1]      educated[3: 1]    educated[2: 2]      school[3: 1]  educated[1: 3]    school[2: 1]      Yayoi Kusama[3: 1]    Yayoi Kusama[2: 2]      school[3: 1];;;0;0;0;107;274769
10;Which High School did Allen Ginsberg attend?;undefined;High School(undefined),Allen Ginsberg(NE),attend(undefined);ROOT[undefined: undefined]  High School[1: 1]    Allen Ginsberg[2: 1]      attend[3: 1]    attend[2: 2]      Allen Ginsberg[3: 1]  Allen Ginsberg[1: 2]    High School[2: 1]      attend[3: 1]    attend[2: 2]      High School[3: 1]  attend[1: 3]    High School[2: 1]      Allen Ginsberg[3: 1]    Allen Ginsberg[2: 2]      High School[3: 1];Allen Ginsberg (NE),attend,High School;Allen Ginsberg (match),educated at,high school;1;1;1;10;19598
12;can i play don't starve on play station 4?;undefined;play(undefined),starve(undefined),play station 4(NE);ROOT[undefined: undefined]  play[1: 1]    starve[2: 1]      play station 4[3: 1]    play station 4[2: 2]      starve[3: 1]  starve[1: 2]    play[2: 1]      play station 4[3: 1]    play station 4[2: 2]      play[3: 1]  play station 4[1: 3]    play[2: 1]      starve[3: 1]    starve[2: 2]      play[3: 1];;;0;0;0;63;170196
17;animal;undefined;animal(undefined);ROOT[undefined: undefined]  animal[1: 1];animal;Animal;0;0;0;3;34032
40;How is the Harz called in Mandarin Chinese?;undefined;Harz(NE),called(undefined),Mandarin Chinese(NE);ROOT[undefined: undefined]  Harz[1: 1]    called[2: 1]      Mandarin Chinese[3: 1]    Mandarin Chinese[2: 2]      called[3: 1]  called[1: 2]    Harz[2: 1]      Mandarin Chinese[3: 1]    Mandarin Chinese[2: 2]      Harz[3: 1]  Mandarin Chinese[1: 3]    Harz[2: 1]      called[3: 1]    called[2: 2]      Harz[3: 1];;;0;0;0;75;119229
125;In which federal state is the Veltins brewery headquarter?;undefined;state(undefined),Veltins(NE),brewery(undefined);ROOT[undefined: undefined]  state[1: 1]    Veltins[2: 1]      brewery[3: 1]    brewery[2: 2]      Veltins[3: 1]  Veltins[1: 2]    state[2: 1]      brewery[3: 1]    brewery[2: 2]      state[3: 1]  brewery[1: 3]    state[2: 1]      Veltins[3: 1]    Veltins[2: 2]      state[3: 1];state,Veltins (NE),brewery;country,Veltins (match),brewery;0;0;0;9;46657
126;In which stadium do the New York Yankees play?;undefined;stadium(undefined),New York Yankees(NE),play(undefined);ROOT[undefined: undefined]  stadium[1: 1]    New York Yankees[2: 1]      play[3: 1]    play[2: 2]      New York Yankees[3: 1]  New York Yankees[1: 2]    stadium[2: 1]      play[3: 1]    play[2: 2]      stadium[3: 1]  play[1: 3]    stadium[2: 1]      New York Yankees[3: 1]    New York Yankees[2: 2]      stadium[3: 1];;;0;0;0;62;180488
127;In which countries is the Himalayas located?;undefined;countries(undefined),Himalayas(NE),located(undefined);ROOT[undefined: undefined]  countries[1: 1]    Himalayas[2: 1]      located[3: 1]    located[2: 2]      Himalayas[3: 1]  Himalayas[1: 2]    countries[2: 1]      located[3: 1]    located[2: 2]      countries[3: 1]  located[1: 3]    countries[2: 1]      Himalayas[3: 1]    Himalayas[2: 2]      countries[3: 1];countries,Himalayas (NE),located;country,Himalayas (match),location;0;0;0;5;58866
130;In which country did the United Fruit Company have their headquarters?;undefined;country(undefined),United Fruit Company(NE),headquarters(undefined);ROOT[undefined: undefined]  country[1: 1]    United Fruit Company[2: 1]      headquarters[3: 1]    headquarters[2: 2]      United Fruit Company[3: 1]  United Fruit Company[1: 2]    country[2: 1]      headquarters[3: 1]    headquarters[2: 2]      country[3: 1]  headquarters[1: 3]    country[2: 1]      United Fruit Company[3: 1]    United Fruit Company[2: 2]      country[3: 1];country,United Fruit Company (NE),headquarters;country,United Fruit Company (match),headquarters location;0;0;0;6;52157
133;In which country was Spotify created?;undefined;country(undefined),Spotify(NE),created(undefined);ROOT[undefined: undefined]  country[1: 1]    Spotify[2: 1]      created[3: 1]    created[2: 2]      Spotify[3: 1]  Spotify[1: 2]    country[2: 1]      created[3: 1]    created[2: 2]      country[3: 1]  created[1: 3]    country[2: 1]      Spotify[3: 1]    Spotify[2: 2]      country[3: 1];country,Spotify (NE),created;country,Spotify (match),inception;0;0;0;6;25807
138;In which year did ABBA publish their album The Visitors ?;undefined;year(undefined),ABBA(NE),publish(undefined),album(undefined),The Visitors(NE);ROOT[undefined: undefined]  year[1: 1]    ABBA[2: 1]      publish[3: 1]        album[4: 1]          The Visitors[5: 1]        The Visitors[4: 2]          album[5: 1]      album[3: 2]        publish[4: 1]          The Visitors[5: 1]        The Visitors[4: 2]          publish[5: 1]      The Visitors[3: 3]        publish[4: 1]          album[5: 1]        album[4: 2]          publish[5: 1]    publish[2: 2]      ABBA[3: 1]        album[4: 1]          The Visitors[5: 1]        The Visitors[4: 2]          album[5: 1]      album[3: 2]        ABBA[4: 1]          The Visitors[5: 1]        The Visitors[4: 2]          ABBA[5: 1]      The Visitors[3: 3]        ABBA[4: 1]          album[5: 1]        album[4: 2]          ABBA[5: 1]    album[2: 3]      ABBA[3: 1]        publish[4: 1]          The Visitors[5: 1]        The Visitors[4: 2]          publish[5: 1]      publish[3: 2]        ABBA[4: 1]          The Visitors[5: 1]        The Visitors[4: 2]          ABBA[5: 1]      The Visitors[3: 3]        ABBA[4: 1]          publish[5: 1]        publish[4: 2]          ABBA[5: 1]    The Visitors[2: 4]      ABBA[3: 1]        publish[4: 1]          album[5: 1]        album[4: 2]          publish[5: 1]      publish[3: 2]        ABBA[4: 1]          album[5: 1]        album[4: 2]          ABBA[5: 1]      album[3: 3]        ABBA[4: 1]          publish[5: 1]        publish[4: 2]          ABBA[5: 1]  ABBA[1: 2]    year[2: 1]      publish[3: 1]        album[4: 1]          The Visitors[5: 1]        The Visitors[4: 2]          album[5: 1]      album[3: 2]        publish[4: 1]          The Visitors[5: 1]        The Visitors[4: 2]          publish[5: 1]      The Visitors[3: 3]        publish[4: 1]          album[5: 1]        album[4: 2]          publish[5: 1]    publish[2: 2]      year[3: 1]        album[4: 1]          The Visitors[5: 1]        The Visitors[4: 2]          album[5: 1]      album[3: 2]        year[4: 1]          The Visitors[5: 1]        The Visitors[4: 2]          year[5: 1]      The Visitors[3: 3]        year[4: 1]          album[5: 1]        album[4: 2]          year[5: 1]    album[2: 3]      year[3: 1]        publish[4: 1]          The Visitors[5: 1]        The Visitors[4: 2]          publish[5: 1]      publish[3: 2]        year[4: 1]          The Visitors[5: 1]        The Visitors[4: 2]          year[5: 1]      The Visitors[3: 3]        year[4: 1]          publish[5: 1]        publish[4: 2]          year[5: 1]    The Visitors[2: 4]      year[3: 1]        publish[4: 1]          album[5: 1]        album[4: 2]          publish[5: 1]      publish[3: 2]        year[4: 1]          album[5: 1]        album[4: 2]          year[5: 1]      album[3: 3]        year[4: 1]          publish[5: 1]        publish[4: 2]          year[5: 1]  publish[1: 3]    year[2: 1]      ABBA[3: 1]        album[4: 1]          The Visitors[5: 1]        The Visitors[4: 2]          album[5: 1]      album[3: 2]        ABBA[4: 1]          The Visitors[5: 1]        The Visitors[4: 2]          ABBA[5: 1]      The Visitors[3: 3]        ABBA[4: 1]          album[5: 1]        album[4: 2]          ABBA[5: 1]    ABBA[2: 2]      year[3: 1]        album[4: 1]          The Visitors[5: 1]        The Visitors[4: 2]          album[5: 1]      album[3: 2]        year[4: 1]          The Visitors[5: 1]        The Visitors[4: 2]          year[5: 1]      The Visitors[3: 3]        year[4: 1]          album[5: 1]        album[4: 2]          year[5: 1]    album[2: 3]      year[3: 1]        ABBA[4: 1]          The Visitors[5: 1]        The Visitors[4: 2]          ABBA[5: 1]      ABBA[3: 2]        year[4: 1]          The Visitors[5: 1]        The Visitors[4: 2]          year[5: 1]      The Visitors[3: 3]        year[4: 1]          ABBA[5: 1]        ABBA[4: 2]          year[5: 1]    The Visitors[2: 4]      year[3: 1]        ABBA[4: 1]          album[5: 1]        album[4: 2]          ABBA[5: 1]      ABBA[3: 2]        year[4: 1]          album[5: 1]        album[4: 2]          year[5: 1]      album[3: 3]        year[4: 1]          ABBA[5: 1]        ABBA[4: 2]          year[5: 1]  album[1: 4]    year[2: 1]      ABBA[3: 1]        publish[4: 1]          The Visitors[5: 1]        The Visitors[4: 2]          publish[5: 1]      publish[3: 2]        ABBA[4: 1]          The Visitors[5: 1]        The Visitors[4: 2]          ABBA[5: 1]      The Visitors[3: 3]        ABBA[4: 1]          publish[5: 1]        publish[4: 2]          ABBA[5: 1]    ABBA[2: 2]      year[3: 1]        publish[4: 1]          The Visitors[5: 1]        The Visitors[4: 2]          publish[5: 1]      publish[3: 2]        year[4: 1]          The Visitors[5: 1]        The Visitors[4: 2]          year[5: 1]      The Visitors[3: 3]        year[4: 1]          publish[5: 1]        publish[4: 2]          year[5: 1]    publish[2: 3]      year[3: 1]        ABBA[4: 1]          The Visitors[5: 1]        The Visitors[4: 2]          ABBA[5: 1]      ABBA[3: 2]        year[4: 1]          The Visitors[5: 1]        The Visitors[4: 2]          year[5: 1]      The Visitors[3: 3]        year[4: 1]          ABBA[5: 1]        ABBA[4: 2]          year[5: 1]    The Visitors[2: 4]      year[3: 1]        ABBA[4: 1]          publish[5: 1]        publish[4: 2]          ABBA[5: 1]      ABBA[3: 2]        year[4: 1]          publish[5: 1]        publish[4: 2]          year[5: 1]      publish[3: 3]        year[4: 1]          ABBA[5: 1]        ABBA[4: 2]          year[5: 1]  The Visitors[1: 5]    year[2: 1]      ABBA[3: 1]        publish[4: 1]          album[5: 1]        album[4: 2]          publish[5: 1]      publish[3: 2]        ABBA[4: 1]          album[5: 1]        album[4: 2]          ABBA[5: 1]      album[3: 3]        ABBA[4: 1]          publish[5: 1]        publish[4: 2]          ABBA[5: 1]    ABBA[2: 2]      year[3: 1]        publish[4: 1]          album[5: 1]        album[4: 2]          publish[5: 1]      publish[3: 2]        year[4: 1]          album[5: 1]        album[4: 2]          year[5: 1]      album[3: 3]        year[4: 1]          publish[5: 1]        publish[4: 2]          year[5: 1]    publish[2: 3]      year[3: 1]        ABBA[4: 1]          album[5: 1]        album[4: 2]          ABBA[5: 1]      ABBA[3: 2]        year[4: 1]          album[5: 1]        album[4: 2]          year[5: 1]      album[3: 3]        year[4: 1]          ABBA[5: 1]        ABBA[4: 2]          year[5: 1]    album[2: 4]      year[3: 1]        ABBA[4: 1]          publish[5: 1]        publish[4: 2]          ABBA[5: 1]      ABBA[3: 2]        year[4: 1]          publish[5: 1]        publish[4: 2]          year[5: 1]      publish[3: 3]        year[4: 1]          ABBA[5: 1]        ABBA[4: 2]          year[5: 1];;;0;0;0;110;2437781
139;In which year was the author of “The Vanishing Half” born?;undefined;year(undefined),author(undefined),The Vanishing Half”(NE),born(undefined);ROOT[undefined: undefined]  year[1: 1]    author[2: 1]      The Vanishing Half”[3: 1]        born[4: 1]      born[3: 2]        The Vanishing Half”[4: 1]    The Vanishing Half”[2: 2]      author[3: 1]        born[4: 1]      born[3: 2]        author[4: 1]    born[2: 3]      author[3: 1]        The Vanishing Half”[4: 1]      The Vanishing Half”[3: 2]        author[4: 1]  author[1: 2]    year[2: 1]      The Vanishing Half”[3: 1]        born[4: 1]      born[3: 2]        The Vanishing Half”[4: 1]    The Vanishing Half”[2: 2]      year[3: 1]        born[4: 1]      born[3: 2]        year[4: 1]    born[2: 3]      year[3: 1]        The Vanishing Half”[4: 1]      The Vanishing Half”[3: 2]        year[4: 1]  The Vanishing Half”[1: 3]    year[2: 1]      author[3: 1]        born[4: 1]      born[3: 2]        author[4: 1]    author[2: 2]      year[3: 1]        born[4: 1]      born[3: 2]        year[4: 1]    born[2: 3]      year[3: 1]        author[4: 1]      author[3: 2]        year[4: 1]  born[1: 4]    year[2: 1]      author[3: 1]        The Vanishing Half”[4: 1]      The Vanishing Half”[3: 2]        author[4: 1]    author[2: 2]      year[3: 1]        The Vanishing Half”[4: 1]      The Vanishing Half”[3: 2]        year[4: 1]    The Vanishing Half”[2: 3]      year[3: 1]        author[4: 1]      author[3: 2]        year[4: 1];;;0;0;0;142;4559831
163;Of which political party was Joseph Beuys a member?;undefined;party(undefined),Joseph Beuys(NE),member(undefined);ROOT[undefined: undefined]  party[1: 1]    Joseph Beuys[2: 1]      member[3: 1]    member[2: 2]      Joseph Beuys[3: 1]  Joseph Beuys[1: 2]    party[2: 1]      member[3: 1]    member[2: 2]      party[3: 1]  member[1: 3]    party[2: 1]      Joseph Beuys[3: 1]    Joseph Beuys[2: 2]      party[3: 1];party,Joseph Beuys (NE),member;member of political party,Joseph Beuys (match),member of political party;1;1;1;7;18202
164;In what year did the Hollywood Walk of Fame open?;undefined;year(undefined),Hollywood Walk of Fame(NE);ROOT[undefined: undefined]  year[1: 1]    Hollywood Walk of Fame[2: 1]  Hollywood Walk of Fame[1: 2]    year[2: 1];;;0;0;0;33;75428
165;on which video streaming services can i watch hunter x hunter anime series?;undefined;video streaming services(undefined),watch(undefined),hunter x hunter(NE),anime series(undefined);ROOT[undefined: undefined]  video streaming services[1: 1]    watch[2: 1]      hunter x hunter[3: 1]        anime series[4: 1]      anime series[3: 2]        hunter x hunter[4: 1]    hunter x hunter[2: 2]      watch[3: 1]        anime series[4: 1]      anime series[3: 2]        watch[4: 1]    anime series[2: 3]      watch[3: 1]        hunter x hunter[4: 1]      hunter x hunter[3: 2]        watch[4: 1]  watch[1: 2]    video streaming services[2: 1]      hunter x hunter[3: 1]        anime series[4: 1]      anime series[3: 2]        hunter x hunter[4: 1]    hunter x hunter[2: 2]      video streaming services[3: 1]        anime series[4: 1]      anime series[3: 2]        video streaming services[4: 1]    anime series[2: 3]      video streaming services[3: 1]        hunter x hunter[4: 1]      hunter x hunter[3: 2]        video streaming services[4: 1]  hunter x hunter[1: 3]    video streaming services[2: 1]      watch[3: 1]        anime series[4: 1]      anime series[3: 2]        watch[4: 1]    watch[2: 2]      video streaming services[3: 1]        anime series[4: 1]      anime series[3: 2]        video streaming services[4: 1]    anime series[2: 3]      video streaming services[3: 1]        watch[4: 1]      watch[3: 2]        video streaming services[4: 1]  anime series[1: 4]    video streaming services[2: 1]      watch[3: 1]        hunter x hunter[4: 1]      hunter x hunter[3: 2]        watch[4: 1]    watch[2: 2]      video streaming services[3: 1]        hunter x hunter[4: 1]      hunter x hunter[3: 2]        video streaming services[4: 1]    hunter x hunter[2: 3]      video streaming services[3: 1]        watch[4: 1]      watch[3: 2]        video streaming services[4: 1];;;0;0;0;43;139723
167;In what year did the district of Höxter come into existence?;undefined;year(undefined),district(undefined),Höxter(NE),come(undefined),existence(undefined);ROOT[undefined: undefined]  year[1: 1]    district[2: 1]      Höxter[3: 1]        come[4: 1]          existence[5: 1]        existence[4: 2]          come[5: 1]      come[3: 2]        Höxter[4: 1]          existence[5: 1]        existence[4: 2]          Höxter[5: 1]      existence[3: 3]        Höxter[4: 1]          come[5: 1]        come[4: 2]          Höxter[5: 1]    Höxter[2: 2]      district[3: 1]        come[4: 1]          existence[5: 1]        existence[4: 2]          come[5: 1]      come[3: 2]        district[4: 1]          existence[5: 1]        existence[4: 2]          district[5: 1]      existence[3: 3]        district[4: 1]          come[5: 1]        come[4: 2]          district[5: 1]    come[2: 3]      district[3: 1]        Höxter[4: 1]          existence[5: 1]        existence[4: 2]          Höxter[5: 1]      Höxter[3: 2]        district[4: 1]          existence[5: 1]        existence[4: 2]          district[5: 1]      existence[3: 3]        district[4: 1]          Höxter[5: 1]        Höxter[4: 2]          district[5: 1]    existence[2: 4]      district[3: 1]        Höxter[4: 1]          come[5: 1]        come[4: 2]          Höxter[5: 1]      Höxter[3: 2]        district[4: 1]          come[5: 1]        come[4: 2]          district[5: 1]      come[3: 3]        district[4: 1]          Höxter[5: 1]        Höxter[4: 2]          district[5: 1]  district[1: 2]    year[2: 1]      Höxter[3: 1]        come[4: 1]          existence[5: 1]        existence[4: 2]          come[5: 1]      come[3: 2]        Höxter[4: 1]          existence[5: 1]        existence[4: 2]          Höxter[5: 1]      existence[3: 3]        Höxter[4: 1]          come[5: 1]        come[4: 2]          Höxter[5: 1]    Höxter[2: 2]      year[3: 1]        come[4: 1]          existence[5: 1]        existence[4: 2]          come[5: 1]      come[3: 2]        year[4: 1]          existence[5: 1]        existence[4: 2]          year[5: 1]      existence[3: 3]        year[4: 1]          come[5: 1]        come[4: 2]          year[5: 1]    come[2: 3]      year[3: 1]        Höxter[4: 1]          existence[5: 1]        existence[4: 2]          Höxter[5: 1]      Höxter[3: 2]        year[4: 1]          existence[5: 1]        existence[4: 2]          year[5: 1]      existence[3: 3]        year[4: 1]          Höxter[5: 1]        Höxter[4: 2]          year[5: 1]    existence[2: 4]      year[3: 1]        Höxter[4: 1]          come[5: 1]        come[4: 2]          Höxter[5: 1]      Höxter[3: 2]        year[4: 1]          come[5: 1]        come[4: 2]          year[5: 1]      come[3: 3]        year[4: 1]          Höxter[5: 1]        Höxter[4: 2]          year[5: 1]  Höxter[1: 3]    year[2: 1]      district[3: 1]        come[4: 1]          existence[5: 1]        existence[4: 2]          come[5: 1]      come[3: 2]        district[4: 1]          existence[5: 1]        existence[4: 2]          district[5: 1]      existence[3: 3]        district[4: 1]          come[5: 1]        come[4: 2]          district[5: 1]    district[2: 2]      year[3: 1]        come[4: 1]          existence[5: 1]        existence[4: 2]          come[5: 1]      come[3: 2]        year[4: 1]          existence[5: 1]        existence[4: 2]          year[5: 1]      existence[3: 3]        year[4: 1]          come[5: 1]        come[4: 2]          year[5: 1]    come[2: 3]      year[3: 1]        district[4: 1]          existence[5: 1]        existence[4: 2]          district[5: 1]      district[3: 2]        year[4: 1]          existence[5: 1]        existence[4: 2]          year[5: 1]      existence[3: 3]        year[4: 1]          district[5: 1]        district[4: 2]          year[5: 1]    existence[2: 4]      year[3: 1]        district[4: 1]          come[5: 1]        come[4: 2]          district[5: 1]      district[3: 2]        year[4: 1]          come[5: 1]        come[4: 2]          year[5: 1]      come[3: 3]        year[4: 1]          district[5: 1]        district[4: 2]          year[5: 1]  come[1: 4]    year[2: 1]      district[3: 1]        Höxter[4: 1]          existence[5: 1]        existence[4: 2]          Höxter[5: 1]      Höxter[3: 2]        district[4: 1]          existence[5: 1]        existence[4: 2]          district[5: 1]      existence[3: 3]        district[4: 1]          Höxter[5: 1]        Höxter[4: 2]          district[5: 1]    district[2: 2]      year[3: 1]        Höxter[4: 1]          existence[5: 1]        existence[4: 2]          Höxter[5: 1]      Höxter[3: 2]        year[4: 1]          existence[5: 1]        existence[4: 2]          year[5: 1]      existence[3: 3]        year[4: 1]          Höxter[5: 1]        Höxter[4: 2]          year[5: 1]    Höxter[2: 3]      year[3: 1]        district[4: 1]          existence[5: 1]        existence[4: 2]          district[5: 1]      district[3: 2]        year[4: 1]          existence[5: 1]        existence[4: 2]          year[5: 1]      existence[3: 3]        year[4: 1]          district[5: 1]        district[4: 2]          year[5: 1]    existence[2: 4]      year[3: 1]        district[4: 1]          Höxter[5: 1]        Höxter[4: 2]          district[5: 1]      district[3: 2]        year[4: 1]          Höxter[5: 1]        Höxter[4: 2]          year[5: 1]      Höxter[3: 3]        year[4: 1]          district[5: 1]        district[4: 2]          year[5: 1]  existence[1: 5]    year[2: 1]      district[3: 1]        Höxter[4: 1]          come[5: 1]        come[4: 2]          Höxter[5: 1]      Höxter[3: 2]        district[4: 1]          come[5: 1]        come[4: 2]          district[5: 1]      come[3: 3]        district[4: 1]          Höxter[5: 1]        Höxter[4: 2]          district[5: 1]    district[2: 2]      year[3: 1]        Höxter[4: 1]          come[5: 1]        come[4: 2]          Höxter[5: 1]      Höxter[3: 2]        year[4: 1]          come[5: 1]        come[4: 2]          year[5: 1]      come[3: 3]        year[4: 1]          Höxter[5: 1]        Höxter[4: 2]          year[5: 1]    Höxter[2: 3]      year[3: 1]        district[4: 1]          come[5: 1]        come[4: 2]          district[5: 1]      district[3: 2]        year[4: 1]          come[5: 1]        come[4: 2]          year[5: 1]      come[3: 3]        year[4: 1]          district[5: 1]        district[4: 2]          year[5: 1]    come[2: 4]      year[3: 1]        district[4: 1]          Höxter[5: 1]        Höxter[4: 2]          district[5: 1]      district[3: 2]        year[4: 1]          Höxter[5: 1]        Höxter[4: 2]          year[5: 1]      Höxter[3: 3]        year[4: 1]          district[5: 1]        district[4: 2]          year[5: 1];;;0;0;0;109;3206990
173;Through which countries does the Danube go?;undefined;countries(undefined),Danube(NE),go(undefined);ROOT[undefined: undefined]  countries[1: 1]    Danube[2: 1]      go[3: 1]    go[2: 2]      Danube[3: 1]  Danube[1: 2]    countries[2: 1]      go[3: 1]    go[2: 2]      countries[3: 1]  go[1: 3]    countries[2: 1]      Danube[3: 1]    Danube[2: 2]      countries[3: 1];;;0;0;0;61;264196
174;What do sperm whales mainly eat?;undefined;sperm whales(undefined),eat(undefined);ROOT[undefined: undefined]  sperm whales[1: 1]    eat[2: 1]  eat[1: 2]    sperm whales[2: 1];;;0;0;0;29;76189
184;Which river flows through the Grand Canyon?;undefined;river(undefined),flows(undefined),Grand Canyon(NE);ROOT[undefined: undefined]  river[1: 1]    flows[2: 1]      Grand Canyon[3: 1]    Grand Canyon[2: 2]      flows[3: 1]  flows[1: 2]    river[2: 1]      Grand Canyon[3: 1]    Grand Canyon[2: 2]      river[3: 1]  Grand Canyon[1: 3]    river[2: 1]      flows[3: 1]    flows[2: 2]      river[3: 1];;;0;0;0;61;153828
189;What are the professions of John Lennon’s sons?;undefined;professions(undefined),John Lennon’s(NE),sons(undefined);ROOT[undefined: undefined]  professions[1: 1]    John Lennon’s[2: 1]      sons[3: 1]    sons[2: 2]      John Lennon’s[3: 1]  John Lennon’s[1: 2]    professions[2: 1]      sons[3: 1]    sons[2: 2]      professions[3: 1]  sons[1: 3]    professions[2: 1]      John Lennon’s[3: 1]    John Lennon’s[2: 2]      professions[3: 1];professions,John Lennon’s (NE),sons;occupation,John Lennon’s (match),child;0;0;0;8;35637
192;What colors does the German national flag have?;undefined;colors(undefined),German(NE),flag(undefined);ROOT[undefined: undefined]  colors[1: 1]    German[2: 1]      flag[3: 1]    flag[2: 2]      German[3: 1]  German[1: 2]    colors[2: 1]      flag[3: 1]    flag[2: 2]      colors[3: 1]  flag[1: 3]    colors[2: 1]      German[3: 1]    German[2: 2]      colors[3: 1];German (NE),flag,colors;German (match),flag,color;1;0.75;0.8571428571428571;22;127482
198;What instruments did Louis Armstrong play?;undefined;instruments(undefined),Louis Armstrong(NE),play(undefined);ROOT[undefined: undefined]  instruments[1: 1]    Louis Armstrong[2: 1]      play[3: 1]    play[2: 2]      Louis Armstrong[3: 1]  Louis Armstrong[1: 2]    instruments[2: 1]      play[3: 1]    play[2: 2]      instruments[3: 1]  play[1: 3]    instruments[2: 1]      Louis Armstrong[3: 1]    Louis Armstrong[2: 2]      instruments[3: 1];;;0;0;0;160;797733
200;What is the binary gender of the partner of Allen Ginsberg ?;undefined;gender(undefined),partner(undefined),Allen Ginsberg(NE);ROOT[undefined: undefined]  gender[1: 1]    partner[2: 1]      Allen Ginsberg[3: 1]    Allen Ginsberg[2: 2]      partner[3: 1]  partner[1: 2]    gender[2: 1]      Allen Ginsberg[3: 1]    Allen Ginsberg[2: 2]      gender[3: 1]  Allen Ginsberg[1: 3]    gender[2: 1]      partner[3: 1]    partner[2: 2]      gender[3: 1];gender,partner,Allen Ginsberg (NE);sex or gender,spouse,Allen Ginsberg (match);0;0;0;38;882407
201;What is the capital of the prefecture Tokyo ?;undefined;capital(undefined),prefecture(undefined),Tokyo(NE);ROOT[undefined: undefined]  capital[1: 1]    prefecture[2: 1]      Tokyo[3: 1]    Tokyo[2: 2]      prefecture[3: 1]  prefecture[1: 2]    capital[2: 1]      Tokyo[3: 1]    Tokyo[2: 2]      capital[3: 1]  Tokyo[1: 3]    capital[2: 1]      prefecture[3: 1]    prefecture[2: 2]      capital[3: 1];;;0;0;0;40;153273
202;What is the Chinese zodiac animal that follows the ox?;undefined;Chinese(NE),zodiac animal(undefined),follows(undefined),ox(undefined);ROOT[undefined: undefined]  Chinese[1: 1]    zodiac animal[2: 1]      follows[3: 1]        ox[4: 1]      ox[3: 2]        follows[4: 1]    follows[2: 2]      zodiac animal[3: 1]        ox[4: 1]      ox[3: 2]        zodiac animal[4: 1]    ox[2: 3]      zodiac animal[3: 1]        follows[4: 1]      follows[3: 2]        zodiac animal[4: 1]  zodiac animal[1: 2]    Chinese[2: 1]      follows[3: 1]        ox[4: 1]      ox[3: 2]        follows[4: 1]    follows[2: 2]      Chinese[3: 1]        ox[4: 1]      ox[3: 2]        Chinese[4: 1]    ox[2: 3]      Chinese[3: 1]        follows[4: 1]      follows[3: 2]        Chinese[4: 1]  follows[1: 3]    Chinese[2: 1]      zodiac animal[3: 1]        ox[4: 1]      ox[3: 2]        zodiac animal[4: 1]    zodiac animal[2: 2]      Chinese[3: 1]        ox[4: 1]      ox[3: 2]        Chinese[4: 1]    ox[2: 3]      Chinese[3: 1]        zodiac animal[4: 1]      zodiac animal[3: 2]        Chinese[4: 1]  ox[1: 4]    Chinese[2: 1]      zodiac animal[3: 1]        follows[4: 1]      follows[3: 2]        zodiac animal[4: 1]    zodiac animal[2: 2]      Chinese[3: 1]        follows[4: 1]      follows[3: 2]        Chinese[4: 1]    follows[2: 3]      Chinese[3: 1]        zodiac animal[4: 1]      zodiac animal[3: 2]        Chinese[4: 1];;;0;0;0;33;144724
214;What are the occupations of Kazuo Ishiguro’s daughter?;undefined;occupations(undefined),Kazuo Ishiguro’s(NE),daughter(undefined);ROOT[undefined: undefined]  occupations[1: 1]    Kazuo Ishiguro’s[2: 1]      daughter[3: 1]    daughter[2: 2]      Kazuo Ishiguro’s[3: 1]  Kazuo Ishiguro’s[1: 2]    occupations[2: 1]      daughter[3: 1]    daughter[2: 2]      occupations[3: 1]  daughter[1: 3]    occupations[2: 1]      Kazuo Ishiguro’s[3: 1]    Kazuo Ishiguro’s[2: 2]      occupations[3: 1];occupations,Kazuo Ishiguro’s (NE),daughter;occupation,Kazuo Ishiguro’s (match),child;0;0;0;7;22204
221;What language do they speak in Poland ?;undefined;language(undefined),speak(undefined),Poland(NE);ROOT[undefined: undefined]  language[1: 1]    speak[2: 1]      Poland[3: 1]    Poland[2: 2]      speak[3: 1]  speak[1: 2]    language[2: 1]      Poland[3: 1]    Poland[2: 2]      language[3: 1]  Poland[1: 3]    language[2: 1]      speak[3: 1]    speak[2: 2]      language[3: 1];;;0;0;0;182;1584110
234;Who was the fellow Hobbit who was an enemy of Frodo?;undefined;Hobbit(NE),enemy(undefined),Frodo(NE);ROOT[undefined: undefined]  Hobbit[1: 1]    enemy[2: 1]      Frodo[3: 1]    Frodo[2: 2]      enemy[3: 1]  enemy[1: 2]    Hobbit[2: 1]      Frodo[3: 1]    Frodo[2: 2]      Hobbit[3: 1]  Frodo[1: 3]    Hobbit[2: 1]      enemy[3: 1]    enemy[2: 2]      Hobbit[3: 1];;;0;0;0;7;14007
236;What was the main subject addressed in the Deep Purple song “Smoke on the water”?;undefined;subject(undefined),addressed(undefined),Deep Purple song(undefined),Smoke on the water(NE);ROOT[undefined: undefined]  subject[1: 1]    addressed[2: 1]      Deep Purple song[3: 1]        Smoke on the water[4: 1]      Smoke on the water[3: 2]        Deep Purple song[4: 1]    Deep Purple song[2: 2]      addressed[3: 1]        Smoke on the water[4: 1]      Smoke on the water[3: 2]        addressed[4: 1]    Smoke on the water[2: 3]      addressed[3: 1]        Deep Purple song[4: 1]      Deep Purple song[3: 2]        addressed[4: 1]  addressed[1: 2]    subject[2: 1]      Deep Purple song[3: 1]        Smoke on the water[4: 1]      Smoke on the water[3: 2]        Deep Purple song[4: 1]    Deep Purple song[2: 2]      subject[3: 1]        Smoke on the water[4: 1]      Smoke on the water[3: 2]        subject[4: 1]    Smoke on the water[2: 3]      subject[3: 1]        Deep Purple song[4: 1]      Deep Purple song[3: 2]        subject[4: 1]  Deep Purple song[1: 3]    subject[2: 1]      addressed[3: 1]        Smoke on the water[4: 1]      Smoke on the water[3: 2]        addressed[4: 1]    addressed[2: 2]      subject[3: 1]        Smoke on the water[4: 1]      Smoke on the water[3: 2]        subject[4: 1]    Smoke on the water[2: 3]      subject[3: 1]        addressed[4: 1]      addressed[3: 2]        subject[4: 1]  Smoke on the water[1: 4]    subject[2: 1]      addressed[3: 1]        Deep Purple song[4: 1]      Deep Purple song[3: 2]        addressed[4: 1]    addressed[2: 2]      subject[3: 1]        Deep Purple song[4: 1]      Deep Purple song[3: 2]        subject[4: 1]    Deep Purple song[2: 3]      subject[3: 1]        addressed[4: 1]      addressed[3: 2]        subject[4: 1];;;0;0;0;312;4200971
238;What year did the Berlin Wall fall?;undefined;year(undefined),Berlin Wall(NE),fall(undefined);ROOT[undefined: undefined]  year[1: 1]    Berlin Wall[2: 1]      fall[3: 1]    fall[2: 2]      Berlin Wall[3: 1]  Berlin Wall[1: 2]    year[2: 1]      fall[3: 1]    fall[2: 2]      year[3: 1]  fall[1: 3]    year[2: 1]      Berlin Wall[3: 1]    Berlin Wall[2: 2]      year[3: 1];;;0;0;0;70;719243
245;When did the brother of the author of Slaughterhouse Five die?;undefined;brother(undefined),author(undefined),Slaughterhouse Five(NE),die(undefined);ROOT[undefined: undefined]  brother[1: 1]    author[2: 1]      Slaughterhouse Five[3: 1]        die[4: 1]      die[3: 2]        Slaughterhouse Five[4: 1]    Slaughterhouse Five[2: 2]      author[3: 1]        die[4: 1]      die[3: 2]        author[4: 1]    die[2: 3]      author[3: 1]        Slaughterhouse Five[4: 1]      Slaughterhouse Five[3: 2]        author[4: 1]  author[1: 2]    brother[2: 1]      Slaughterhouse Five[3: 1]        die[4: 1]      die[3: 2]        Slaughterhouse Five[4: 1]    Slaughterhouse Five[2: 2]      brother[3: 1]        die[4: 1]      die[3: 2]        brother[4: 1]    die[2: 3]      brother[3: 1]        Slaughterhouse Five[4: 1]      Slaughterhouse Five[3: 2]        brother[4: 1]  Slaughterhouse Five[1: 3]    brother[2: 1]      author[3: 1]        die[4: 1]      die[3: 2]        author[4: 1]    author[2: 2]      brother[3: 1]        die[4: 1]      die[3: 2]        brother[4: 1]    die[2: 3]      brother[3: 1]        author[4: 1]      author[3: 2]        brother[4: 1]  die[1: 4]    brother[2: 1]      author[3: 1]        Slaughterhouse Five[4: 1]      Slaughterhouse Five[3: 2]        author[4: 1]    author[2: 2]      brother[3: 1]        Slaughterhouse Five[4: 1]      Slaughterhouse Five[3: 2]        brother[4: 1]    Slaughterhouse Five[2: 3]      brother[3: 1]        author[4: 1]      author[3: 2]        brother[4: 1];;;0;0;0;75;550106
246;when was the creator of saturday night live born?;undefined;creator(undefined),saturday night live(NE),born(undefined);ROOT[undefined: undefined]  creator[1: 1]    saturday night live[2: 1]      born[3: 1]    born[2: 2]      saturday night live[3: 1]  saturday night live[1: 2]    creator[2: 1]      born[3: 1]    born[2: 2]      creator[3: 1]  born[1: 3]    creator[2: 1]      saturday night live[3: 1]    saturday night live[2: 2]      creator[3: 1];;;0;0;0;51;561382
253;when was the magazine in which hunter x hunter is published established?;undefined;magazine(undefined),hunter x hunter(NE),published(undefined),established(undefined);ROOT[undefined: undefined]  magazine[1: 1]    hunter x hunter[2: 1]      published[3: 1]        established[4: 1]      established[3: 2]        published[4: 1]    published[2: 2]      hunter x hunter[3: 1]        established[4: 1]      established[3: 2]        hunter x hunter[4: 1]    established[2: 3]      hunter x hunter[3: 1]        published[4: 1]      published[3: 2]        hunter x hunter[4: 1]  hunter x hunter[1: 2]    magazine[2: 1]      published[3: 1]        established[4: 1]      established[3: 2]        published[4: 1]    published[2: 2]      magazine[3: 1]        established[4: 1]      established[3: 2]        magazine[4: 1]    established[2: 3]      magazine[3: 1]        published[4: 1]      published[3: 2]        magazine[4: 1]  published[1: 3]    magazine[2: 1]      hunter x hunter[3: 1]        established[4: 1]      established[3: 2]        hunter x hunter[4: 1]    hunter x hunter[2: 2]      magazine[3: 1]        established[4: 1]      established[3: 2]        magazine[4: 1]    established[2: 3]      magazine[3: 1]        hunter x hunter[4: 1]      hunter x hunter[3: 2]        magazine[4: 1]  established[1: 4]    magazine[2: 1]      hunter x hunter[3: 1]        published[4: 1]      published[3: 2]        hunter x hunter[4: 1]    hunter x hunter[2: 2]      magazine[3: 1]        published[4: 1]      published[3: 2]        magazine[4: 1]    published[2: 3]      magazine[3: 1]        hunter x hunter[4: 1]      hunter x hunter[3: 2]        magazine[4: 1];;;0;0;0;166;1017046
268;When was the poem Howl written?;undefined;poem(undefined),Howl(NE),written(undefined);ROOT[undefined: undefined]  poem[1: 1]    Howl[2: 1]      written[3: 1]    written[2: 2]      Howl[3: 1]  Howl[1: 2]    poem[2: 1]      written[3: 1]    written[2: 2]      poem[3: 1]  written[1: 3]    poem[2: 1]      Howl[3: 1]    Howl[2: 2]      poem[3: 1];;;0;0;0;89;257790
280;Where was K-pop star Lisa Manoban born?;undefined;K pop star(undefined),Lisa Manoban(NE),born(undefined);ROOT[undefined: undefined]  K pop star[1: 1]    Lisa Manoban[2: 1]      born[3: 1]    born[2: 2]      Lisa Manoban[3: 1]  Lisa Manoban[1: 2]    K pop star[2: 1]      born[3: 1]    born[2: 2]      K pop star[3: 1]  born[1: 3]    K pop star[2: 1]      Lisa Manoban[3: 1]    Lisa Manoban[2: 2]      K pop star[3: 1];;;0;0;0;40;35863
282;Where did the psychedelic band “Khruangbin” form?;undefined;band(undefined),Khruangbin(NE),form(undefined);ROOT[undefined: undefined]  band[1: 1]    Khruangbin[2: 1]      form[3: 1]    form[2: 2]      Khruangbin[3: 1]  Khruangbin[1: 2]    band[2: 1]      form[3: 1]    form[2: 2]      band[3: 1]  form[1: 3]    band[2: 1]      Khruangbin[3: 1]    Khruangbin[2: 2]      band[3: 1];;;0;0;0;79;482550
284;Where was Goethe’s unmarried partner born ?;undefined;Goethe(NE),partner(undefined),born(undefined);ROOT[undefined: undefined]  Goethe[1: 1]    partner[2: 1]      born[3: 1]    born[2: 2]      partner[3: 1]  partner[1: 2]    Goethe[2: 1]      born[3: 1]    born[2: 2]      Goethe[3: 1]  born[1: 3]    Goethe[2: 1]      partner[3: 1]    partner[2: 2]      Goethe[3: 1];Goethe (NE),partner,born;Goethe (match),spouse,date of birth;0;0;0;4;17372
286;Where was the author of The Catcher in the Rye born ?;undefined;author(undefined),The Catcher in the Rye(NE),born(undefined);ROOT[undefined: undefined]  author[1: 1]    The Catcher in the Rye[2: 1]      born[3: 1]    born[2: 2]      The Catcher in the Rye[3: 1]  The Catcher in the Rye[1: 2]    author[2: 1]      born[3: 1]    born[2: 2]      author[3: 1]  born[1: 3]    author[2: 1]      The Catcher in the Rye[3: 1]    The Catcher in the Rye[2: 2]      author[3: 1];The Catcher in the Rye (NE),author,born;The Catcher in the Rye (match),author,date of birth;0;0;0;38;68269
298;Which aircraft did Howard Hughes build?;undefined;aircraft(undefined),Howard Hughes(NE),build(undefined);ROOT[undefined: undefined]  aircraft[1: 1]    Howard Hughes[2: 1]      build[3: 1]    build[2: 2]      Howard Hughes[3: 1]  Howard Hughes[1: 2]    aircraft[2: 1]      build[3: 1]    build[2: 2]      aircraft[3: 1]  build[1: 3]    aircraft[2: 1]      Howard Hughes[3: 1]    Howard Hughes[2: 2]      aircraft[3: 1];;;0;0;0;55;108972
301;Which disease caused the death of Mark Twain?;undefined;disease(undefined),caused(undefined),death(undefined),Mark Twain(NE);ROOT[undefined: undefined]  disease[1: 1]    caused[2: 1]      death[3: 1]        Mark Twain[4: 1]      Mark Twain[3: 2]        death[4: 1]    death[2: 2]      caused[3: 1]        Mark Twain[4: 1]      Mark Twain[3: 2]        caused[4: 1]    Mark Twain[2: 3]      caused[3: 1]        death[4: 1]      death[3: 2]        caused[4: 1]  caused[1: 2]    disease[2: 1]      death[3: 1]        Mark Twain[4: 1]      Mark Twain[3: 2]        death[4: 1]    death[2: 2]      disease[3: 1]        Mark Twain[4: 1]      Mark Twain[3: 2]        disease[4: 1]    Mark Twain[2: 3]      disease[3: 1]        death[4: 1]      death[3: 2]        disease[4: 1]  death[1: 3]    disease[2: 1]      caused[3: 1]        Mark Twain[4: 1]      Mark Twain[3: 2]        caused[4: 1]    caused[2: 2]      disease[3: 1]        Mark Twain[4: 1]      Mark Twain[3: 2]        disease[4: 1]    Mark Twain[2: 3]      disease[3: 1]        caused[4: 1]      caused[3: 2]        disease[4: 1]  Mark Twain[1: 4]    disease[2: 1]      caused[3: 1]        death[4: 1]      death[3: 2]        caused[4: 1]    caused[2: 2]      disease[3: 1]        death[4: 1]      death[3: 2]        disease[4: 1]    death[2: 3]      disease[3: 1]        caused[4: 1]      caused[3: 2]        disease[4: 1];disease,caused,Mark Twain (NE),death;medical condition,cause of death,Mark Twain (match),date of death;0;0;0;67;883390
302;Which diseases can be caused by smoking ?;undefined;diseases(undefined),caused(undefined),smoking(undefined);ROOT[undefined: undefined]  diseases[1: 1]    caused[2: 1]      smoking[3: 1]    smoking[2: 2]      caused[3: 1]  caused[1: 2]    diseases[2: 1]      smoking[3: 1]    smoking[2: 2]      diseases[3: 1]  smoking[1: 3]    diseases[2: 1]      caused[3: 1]    caused[2: 2]      diseases[3: 1];;;0;0;0;270;2972653
305;Which kingdom preceded the Thonburi Kingdom ?;undefined;kingdom(undefined),preceded(undefined),Thonburi Kingdom(NE);ROOT[undefined: undefined]  kingdom[1: 1]    preceded[2: 1]      Thonburi Kingdom[3: 1]    Thonburi Kingdom[2: 2]      preceded[3: 1]  preceded[1: 2]    kingdom[2: 1]      Thonburi Kingdom[3: 1]    Thonburi Kingdom[2: 2]      kingdom[3: 1]  Thonburi Kingdom[1: 3]    kingdom[2: 1]      preceded[3: 1]    preceded[2: 2]      kingdom[3: 1];;;0;0;0;82;347316
307;Which movements is the painting “Les Demoiselles d'Avignon” assigned to?;undefined;movements(undefined),painting(undefined),Les Demoiselles d'Avignon(NE),assigned(undefined);ROOT[undefined: undefined]  movements[1: 1]    painting[2: 1]      Les Demoiselles d'Avignon[3: 1]        assigned[4: 1]      assigned[3: 2]        Les Demoiselles d'Avignon[4: 1]    Les Demoiselles d'Avignon[2: 2]      painting[3: 1]        assigned[4: 1]      assigned[3: 2]        painting[4: 1]    assigned[2: 3]      painting[3: 1]        Les Demoiselles d'Avignon[4: 1]      Les Demoiselles d'Avignon[3: 2]        painting[4: 1]  painting[1: 2]    movements[2: 1]      Les Demoiselles d'Avignon[3: 1]        assigned[4: 1]      assigned[3: 2]        Les Demoiselles d'Avignon[4: 1]    Les Demoiselles d'Avignon[2: 2]      movements[3: 1]        assigned[4: 1]      assigned[3: 2]        movements[4: 1]    assigned[2: 3]      movements[3: 1]        Les Demoiselles d'Avignon[4: 1]      Les Demoiselles d'Avignon[3: 2]        movements[4: 1]  Les Demoiselles d'Avignon[1: 3]    movements[2: 1]      painting[3: 1]        assigned[4: 1]      assigned[3: 2]        painting[4: 1]    painting[2: 2]      movements[3: 1]        assigned[4: 1]      assigned[3: 2]        movements[4: 1]    assigned[2: 3]      movements[3: 1]        painting[4: 1]      painting[3: 2]        movements[4: 1]  assigned[1: 4]    movements[2: 1]      painting[3: 1]        Les Demoiselles d'Avignon[4: 1]      Les Demoiselles d'Avignon[3: 2]        painting[4: 1]    painting[2: 2]      movements[3: 1]        Les Demoiselles d'Avignon[4: 1]      Les Demoiselles d'Avignon[3: 2]        movements[4: 1]    Les Demoiselles d'Avignon[2: 3]      movements[3: 1]        painting[4: 1]      painting[3: 2]        movements[4: 1];;;0;0;0;157;2943932
308;Which movies belong to the Cornetto trilogy ?;undefined;movies(undefined),belong(undefined),Cornetto(NE),trilogy(undefined);ROOT[undefined: undefined]  movies[1: 1]    belong[2: 1]      Cornetto[3: 1]        trilogy[4: 1]      trilogy[3: 2]        Cornetto[4: 1]    Cornetto[2: 2]      belong[3: 1]        trilogy[4: 1]      trilogy[3: 2]        belong[4: 1]    trilogy[2: 3]      belong[3: 1]        Cornetto[4: 1]      Cornetto[3: 2]        belong[4: 1]  belong[1: 2]    movies[2: 1]      Cornetto[3: 1]        trilogy[4: 1]      trilogy[3: 2]        Cornetto[4: 1]    Cornetto[2: 2]      movies[3: 1]        trilogy[4: 1]      trilogy[3: 2]        movies[4: 1]    trilogy[2: 3]      movies[3: 1]        Cornetto[4: 1]      Cornetto[3: 2]        movies[4: 1]  Cornetto[1: 3]    movies[2: 1]      belong[3: 1]        trilogy[4: 1]      trilogy[3: 2]        belong[4: 1]    belong[2: 2]      movies[3: 1]        trilogy[4: 1]      trilogy[3: 2]        movies[4: 1]    trilogy[2: 3]      movies[3: 1]        belong[4: 1]      belong[3: 2]        movies[4: 1]  trilogy[1: 4]    movies[2: 1]      belong[3: 1]        Cornetto[4: 1]      Cornetto[3: 2]        belong[4: 1]    belong[2: 2]      movies[3: 1]        Cornetto[4: 1]      Cornetto[3: 2]        movies[4: 1]    Cornetto[2: 3]      movies[3: 1]        belong[4: 1]      belong[3: 2]        movies[4: 1];;;0;0;0;33;88331
309;During what event was the Four Policemen Council proposed?;undefined;event(undefined),Four Policemen Council(NE),proposed(undefined);ROOT[undefined: undefined]  event[1: 1]    Four Policemen Council[2: 1]      proposed[3: 1]    proposed[2: 2]      Four Policemen Council[3: 1]  Four Policemen Council[1: 2]    event[2: 1]      proposed[3: 1]    proposed[2: 2]      event[3: 1]  proposed[1: 3]    event[2: 1]      Four Policemen Council[3: 1]    Four Policemen Council[2: 2]      event[3: 1];;;0;0;0;231;1338406
312;Which other movies by the director of Another Round also starred Mads Mikkelsen ?;undefined;movies(undefined),director(undefined),Another Round(NE),starred(undefined),Mads Mikkelsen(NE);ROOT[undefined: undefined]  movies[1: 1]    director[2: 1]      Another Round[3: 1]        starred[4: 1]          Mads Mikkelsen[5: 1]        Mads Mikkelsen[4: 2]          starred[5: 1]      starred[3: 2]        Another Round[4: 1]          Mads Mikkelsen[5: 1]        Mads Mikkelsen[4: 2]          Another Round[5: 1]      Mads Mikkelsen[3: 3]        Another Round[4: 1]          starred[5: 1]        starred[4: 2]          Another Round[5: 1]    Another Round[2: 2]      director[3: 1]        starred[4: 1]          Mads Mikkelsen[5: 1]        Mads Mikkelsen[4: 2]          starred[5: 1]      starred[3: 2]        director[4: 1]          Mads Mikkelsen[5: 1]        Mads Mikkelsen[4: 2]          director[5: 1]      Mads Mikkelsen[3: 3]        director[4: 1]          starred[5: 1]        starred[4: 2]          director[5: 1]    starred[2: 3]      director[3: 1]        Another Round[4: 1]          Mads Mikkelsen[5: 1]        Mads Mikkelsen[4: 2]          Another Round[5: 1]      Another Round[3: 2]        director[4: 1]          Mads Mikkelsen[5: 1]        Mads Mikkelsen[4: 2]          director[5: 1]      Mads Mikkelsen[3: 3]        director[4: 1]          Another Round[5: 1]        Another Round[4: 2]          director[5: 1]    Mads Mikkelsen[2: 4]      director[3: 1]        Another Round[4: 1]          starred[5: 1]        starred[4: 2]          Another Round[5: 1]      Another Round[3: 2]        director[4: 1]          starred[5: 1]        starred[4: 2]          director[5: 1]      starred[3: 3]        director[4: 1]          Another Round[5: 1]        Another Round[4: 2]          director[5: 1]  director[1: 2]    movies[2: 1]      Another Round[3: 1]        starred[4: 1]          Mads Mikkelsen[5: 1]        Mads Mikkelsen[4: 2]          starred[5: 1]      starred[3: 2]        Another Round[4: 1]          Mads Mikkelsen[5: 1]        Mads Mikkelsen[4: 2]          Another Round[5: 1]      Mads Mikkelsen[3: 3]        Another Round[4: 1]          starred[5: 1]        starred[4: 2]          Another Round[5: 1]    Another Round[2: 2]      movies[3: 1]        starred[4: 1]          Mads Mikkelsen[5: 1]        Mads Mikkelsen[4: 2]          starred[5: 1]      starred[3: 2]        movies[4: 1]          Mads Mikkelsen[5: 1]        Mads Mikkelsen[4: 2]          movies[5: 1]      Mads Mikkelsen[3: 3]        movies[4: 1]          starred[5: 1]        starred[4: 2]          movies[5: 1]    starred[2: 3]      movies[3: 1]        Another Round[4: 1]          Mads Mikkelsen[5: 1]        Mads Mikkelsen[4: 2]          Another Round[5: 1]      Another Round[3: 2]        movies[4: 1]          Mads Mikkelsen[5: 1]        Mads Mikkelsen[4: 2]          movies[5: 1]      Mads Mikkelsen[3: 3]        movies[4: 1]          Another Round[5: 1]        Another Round[4: 2]          movies[5: 1]    Mads Mikkelsen[2: 4]      movies[3: 1]        Another Round[4: 1]          starred[5: 1]        starred[4: 2]          Another Round[5: 1]      Another Round[3: 2]        movies[4: 1]          starred[5: 1]        starred[4: 2]          movies[5: 1]      starred[3: 3]        movies[4: 1]          Another Round[5: 1]        Another Round[4: 2]          movies[5: 1]  Another Round[1: 3]    movies[2: 1]      director[3: 1]        starred[4: 1]          Mads Mikkelsen[5: 1]        Mads Mikkelsen[4: 2]          starred[5: 1]      starred[3: 2]        director[4: 1]          Mads Mikkelsen[5: 1]        Mads Mikkelsen[4: 2]          director[5: 1]      Mads Mikkelsen[3: 3]        director[4: 1]          starred[5: 1]        starred[4: 2]          director[5: 1]    director[2: 2]      movies[3: 1]        starred[4: 1]          Mads Mikkelsen[5: 1]        Mads Mikkelsen[4: 2]          starred[5: 1]      starred[3: 2]        movies[4: 1]          Mads Mikkelsen[5: 1]        Mads Mikkelsen[4: 2]          movies[5: 1]      Mads Mikkelsen[3: 3]        movies[4: 1]          starred[5: 1]        starred[4: 2]          movies[5: 1]    starred[2: 3]      movies[3: 1]        director[4: 1]          Mads Mikkelsen[5: 1]        Mads Mikkelsen[4: 2]          director[5: 1]      director[3: 2]        movies[4: 1]          Mads Mikkelsen[5: 1]        Mads Mikkelsen[4: 2]          movies[5: 1]      Mads Mikkelsen[3: 3]        movies[4: 1]          director[5: 1]        director[4: 2]          movies[5: 1]    Mads Mikkelsen[2: 4]      movies[3: 1]        director[4: 1]          starred[5: 1]        starred[4: 2]          director[5: 1]      director[3: 2]        movies[4: 1]          starred[5: 1]        starred[4: 2]          movies[5: 1]      starred[3: 3]        movies[4: 1]          director[5: 1]        director[4: 2]          movies[5: 1]  starred[1: 4]    movies[2: 1]      director[3: 1]        Another Round[4: 1]          Mads Mikkelsen[5: 1]        Mads Mikkelsen[4: 2]          Another Round[5: 1]      Another Round[3: 2]        director[4: 1]          Mads Mikkelsen[5: 1]        Mads Mikkelsen[4: 2]          director[5: 1]      Mads Mikkelsen[3: 3]        director[4: 1]          Another Round[5: 1]        Another Round[4: 2]          director[5: 1]    director[2: 2]      movies[3: 1]        Another Round[4: 1]          Mads Mikkelsen[5: 1]        Mads Mikkelsen[4: 2]          Another Round[5: 1]      Another Round[3: 2]        movies[4: 1]          Mads Mikkelsen[5: 1]        Mads Mikkelsen[4: 2]          movies[5: 1]      Mads Mikkelsen[3: 3]        movies[4: 1]          Another Round[5: 1]        Another Round[4: 2]          movies[5: 1]    Another Round[2: 3]      movies[3: 1]        director[4: 1]          Mads Mikkelsen[5: 1]        Mads Mikkelsen[4: 2]          director[5: 1]      director[3: 2]        movies[4: 1]          Mads Mikkelsen[5: 1]        Mads Mikkelsen[4: 2]          movies[5: 1]      Mads Mikkelsen[3: 3]        movies[4: 1]          director[5: 1]        director[4: 2]          movies[5: 1]    Mads Mikkelsen[2: 4]      movies[3: 1]        director[4: 1]          Another Round[5: 1]        Another Round[4: 2]          director[5: 1]      director[3: 2]        movies[4: 1]          Another Round[5: 1]        Another Round[4: 2]          movies[5: 1]      Another Round[3: 3]        movies[4: 1]          director[5: 1]        director[4: 2]          movies[5: 1]  Mads Mikkelsen[1: 5]    movies[2: 1]      director[3: 1]        Another Round[4: 1]          starred[5: 1]        starred[4: 2]          Another Round[5: 1]      Another Round[3: 2]        director[4: 1]          starred[5: 1]        starred[4: 2]          director[5: 1]      starred[3: 3]        director[4: 1]          Another Round[5: 1]        Another Round[4: 2]          director[5: 1]    director[2: 2]      movies[3: 1]        Another Round[4: 1]          starred[5: 1]        starred[4: 2]          Another Round[5: 1]      Another Round[3: 2]        movies[4: 1]          starred[5: 1]        starred[4: 2]          movies[5: 1]      starred[3: 3]        movies[4: 1]          Another Round[5: 1]        Another Round[4: 2]          movies[5: 1]    Another Round[2: 3]      movies[3: 1]        director[4: 1]          starred[5: 1]        starred[4: 2]          director[5: 1]      director[3: 2]        movies[4: 1]          starred[5: 1]        starred[4: 2]          movies[5: 1]      starred[3: 3]        movies[4: 1]          director[5: 1]        director[4: 2]          movies[5: 1]    starred[2: 4]      movies[3: 1]        director[4: 1]          Another Round[5: 1]        Another Round[4: 2]          director[5: 1]      director[3: 2]        movies[4: 1]          Another Round[5: 1]        Another Round[4: 2]          movies[5: 1]      Another Round[3: 3]        movies[4: 1]          director[5: 1]        director[4: 2]          movies[5: 1];director,movies,Another Round (NE),starred,Mads Mikkelsen (NE);director,film,Another Round (match),cast member,Mads Mikkelsen (match);0;0;0;97;166290
316;Which songs made up the album Fijación Oral vol. 1 ?;undefined;songs(undefined),made(undefined),album(undefined),Fijación Oral(NE),vol.(undefined);ROOT[undefined: undefined]  songs[1: 1]    made[2: 1]      album[3: 1]        Fijación Oral[4: 1]          vol.[5: 1]        vol.[4: 2]          Fijación Oral[5: 1]      Fijación Oral[3: 2]        album[4: 1]          vol.[5: 1]        vol.[4: 2]          album[5: 1]      vol.[3: 3]        album[4: 1]          Fijación Oral[5: 1]        Fijación Oral[4: 2]          album[5: 1]    album[2: 2]      made[3: 1]        Fijación Oral[4: 1]          vol.[5: 1]        vol.[4: 2]          Fijación Oral[5: 1]      Fijación Oral[3: 2]        made[4: 1]          vol.[5: 1]        vol.[4: 2]          made[5: 1]      vol.[3: 3]        made[4: 1]          Fijación Oral[5: 1]        Fijación Oral[4: 2]          made[5: 1]    Fijación Oral[2: 3]      made[3: 1]        album[4: 1]          vol.[5: 1]        vol.[4: 2]          album[5: 1]      album[3: 2]        made[4: 1]          vol.[5: 1]        vol.[4: 2]          made[5: 1]      vol.[3: 3]        made[4: 1]          album[5: 1]        album[4: 2]          made[5: 1]    vol.[2: 4]      made[3: 1]        album[4: 1]          Fijación Oral[5: 1]        Fijación Oral[4: 2]          album[5: 1]      album[3: 2]        made[4: 1]          Fijación Oral[5: 1]        Fijación Oral[4: 2]          made[5: 1]      Fijación Oral[3: 3]        made[4: 1]          album[5: 1]        album[4: 2]          made[5: 1]  made[1: 2]    songs[2: 1]      album[3: 1]        Fijación Oral[4: 1]          vol.[5: 1]        vol.[4: 2]          Fijación Oral[5: 1]      Fijación Oral[3: 2]        album[4: 1]          vol.[5: 1]        vol.[4: 2]          album[5: 1]      vol.[3: 3]        album[4: 1]          Fijación Oral[5: 1]        Fijación Oral[4: 2]          album[5: 1]    album[2: 2]      songs[3: 1]        Fijación Oral[4: 1]          vol.[5: 1]        vol.[4: 2]          Fijación Oral[5: 1]      Fijación Oral[3: 2]        songs[4: 1]          vol.[5: 1]        vol.[4: 2]          songs[5: 1]      vol.[3: 3]        songs[4: 1]          Fijación Oral[5: 1]        Fijación Oral[4: 2]          songs[5: 1]    Fijación Oral[2: 3]      songs[3: 1]        album[4: 1]          vol.[5: 1]        vol.[4: 2]          album[5: 1]      album[3: 2]        songs[4: 1]          vol.[5: 1]        vol.[4: 2]          songs[5: 1]      vol.[3: 3]        songs[4: 1]          album[5: 1]        album[4: 2]          songs[5: 1]    vol.[2: 4]      songs[3: 1]        album[4: 1]          Fijación Oral[5: 1]        Fijación Oral[4: 2]          album[5: 1]      album[3: 2]        songs[4: 1]          Fijación Oral[5: 1]        Fijación Oral[4: 2]          songs[5: 1]      Fijación Oral[3: 3]        songs[4: 1]          album[5: 1]        album[4: 2]          songs[5: 1]  album[1: 3]    songs[2: 1]      made[3: 1]        Fijación Oral[4: 1]          vol.[5: 1]        vol.[4: 2]          Fijación Oral[5: 1]      Fijación Oral[3: 2]        made[4: 1]          vol.[5: 1]        vol.[4: 2]          made[5: 1]      vol.[3: 3]        made[4: 1]          Fijación Oral[5: 1]        Fijación Oral[4: 2]          made[5: 1]    made[2: 2]      songs[3: 1]        Fijación Oral[4: 1]          vol.[5: 1]        vol.[4: 2]          Fijación Oral[5: 1]      Fijación Oral[3: 2]        songs[4: 1]          vol.[5: 1]        vol.[4: 2]          songs[5: 1]      vol.[3: 3]        songs[4: 1]          Fijación Oral[5: 1]        Fijación Oral[4: 2]          songs[5: 1]    Fijación Oral[2: 3]      songs[3: 1]        made[4: 1]          vol.[5: 1]        vol.[4: 2]          made[5: 1]      made[3: 2]        songs[4: 1]          vol.[5: 1]        vol.[4: 2]          songs[5: 1]      vol.[3: 3]        songs[4: 1]          made[5: 1]        made[4: 2]          songs[5: 1]    vol.[2: 4]      songs[3: 1]        made[4: 1]          Fijación Oral[5: 1]        Fijación Oral[4: 2]          made[5: 1]      made[3: 2]        songs[4: 1]          Fijación Oral[5: 1]        Fijación Oral[4: 2]          songs[5: 1]      Fijación Oral[3: 3]        songs[4: 1]          made[5: 1]        made[4: 2]          songs[5: 1]  Fijación Oral[1: 4]    songs[2: 1]      made[3: 1]        album[4: 1]          vol.[5: 1]        vol.[4: 2]          album[5: 1]      album[3: 2]        made[4: 1]          vol.[5: 1]        vol.[4: 2]          made[5: 1]      vol.[3: 3]        made[4: 1]          album[5: 1]        album[4: 2]          made[5: 1]    made[2: 2]      songs[3: 1]        album[4: 1]          vol.[5: 1]        vol.[4: 2]          album[5: 1]      album[3: 2]        songs[4: 1]          vol.[5: 1]        vol.[4: 2]          songs[5: 1]      vol.[3: 3]        songs[4: 1]          album[5: 1]        album[4: 2]          songs[5: 1]    album[2: 3]      songs[3: 1]        made[4: 1]          vol.[5: 1]        vol.[4: 2]          made[5: 1]      made[3: 2]        songs[4: 1]          vol.[5: 1]        vol.[4: 2]          songs[5: 1]      vol.[3: 3]        songs[4: 1]          made[5: 1]        made[4: 2]          songs[5: 1]    vol.[2: 4]      songs[3: 1]        made[4: 1]          album[5: 1]        album[4: 2]          made[5: 1]      made[3: 2]        songs[4: 1]          album[5: 1]        album[4: 2]          songs[5: 1]      album[3: 3]        songs[4: 1]          made[5: 1]        made[4: 2]          songs[5: 1]  vol.[1: 5]    songs[2: 1]      made[3: 1]        album[4: 1]          Fijación Oral[5: 1]        Fijación Oral[4: 2]          album[5: 1]      album[3: 2]        made[4: 1]          Fijación Oral[5: 1]        Fijación Oral[4: 2]          made[5: 1]      Fijación Oral[3: 3]        made[4: 1]          album[5: 1]        album[4: 2]          made[5: 1]    made[2: 2]      songs[3: 1]        album[4: 1]          Fijación Oral[5: 1]        Fijación Oral[4: 2]          album[5: 1]      album[3: 2]        songs[4: 1]          Fijación Oral[5: 1]        Fijación Oral[4: 2]          songs[5: 1]      Fijación Oral[3: 3]        songs[4: 1]          album[5: 1]        album[4: 2]          songs[5: 1]    album[2: 3]      songs[3: 1]        made[4: 1]          Fijación Oral[5: 1]        Fijación Oral[4: 2]          made[5: 1]      made[3: 2]        songs[4: 1]          Fijación Oral[5: 1]        Fijación Oral[4: 2]          songs[5: 1]      Fijación Oral[3: 3]        songs[4: 1]          made[5: 1]        made[4: 2]          songs[5: 1]    Fijación Oral[2: 4]      songs[3: 1]        made[4: 1]          album[5: 1]        album[4: 2]          made[5: 1]      made[3: 2]        songs[4: 1]          album[5: 1]        album[4: 2]          songs[5: 1]      album[3: 3]        songs[4: 1]          made[5: 1]        made[4: 2]          songs[5: 1];;;0;0;0;144;4007735
320;Which teams participated in the 2020 UEFA Champions League Final ?;undefined;teams(undefined),participated(undefined),UEFA Champions League Final(NE);ROOT[undefined: undefined]  teams[1: 1]    participated[2: 1]      UEFA Champions League Final[3: 1]    UEFA Champions League Final[2: 2]      participated[3: 1]  participated[1: 2]    teams[2: 1]      UEFA Champions League Final[3: 1]    UEFA Champions League Final[2: 2]      teams[3: 1]  UEFA Champions League Final[1: 3]    teams[2: 1]      participated[3: 1]    participated[2: 2]      teams[3: 1];teams,UEFA Champions League Final (NE),participated;participating team,UEFA Champions League Final (match),sport;0;0;0;35;349585
335;Who is the creator of the Dinosaurs tv show ?;undefined;creator(undefined),Dinosaurs(NE),tv show(undefined);ROOT[undefined: undefined]  creator[1: 1]    Dinosaurs[2: 1]      tv show[3: 1]    tv show[2: 2]      Dinosaurs[3: 1]  Dinosaurs[1: 2]    creator[2: 1]      tv show[3: 1]    tv show[2: 2]      creator[3: 1]  tv show[1: 3]    creator[2: 1]      Dinosaurs[3: 1]    Dinosaurs[2: 2]      creator[3: 1];;;0;0;0;33;125217
344;For what literature prize was Simone de Beauvoir nominated?;undefined;literature prize(undefined),Simone de Beauvoir(NE),nominated(undefined);ROOT[undefined: undefined]  literature prize[1: 1]    Simone de Beauvoir[2: 1]      nominated[3: 1]    nominated[2: 2]      Simone de Beauvoir[3: 1]  Simone de Beauvoir[1: 2]    literature prize[2: 1]      nominated[3: 1]    nominated[2: 2]      literature prize[3: 1]  nominated[1: 3]    literature prize[2: 1]      Simone de Beauvoir[3: 1]    Simone de Beauvoir[2: 2]      literature prize[3: 1];;;0;0;0;68;138312
345;What is the website of NPR's “Tiny Desk Concert”?;undefined;website(undefined),NPR(NE),Tiny Desk Concert(NE);ROOT[undefined: undefined]  website[1: 1]    NPR[2: 1]      Tiny Desk Concert[3: 1]    Tiny Desk Concert[2: 2]      NPR[3: 1]  NPR[1: 2]    website[2: 1]      Tiny Desk Concert[3: 1]    Tiny Desk Concert[2: 2]      website[3: 1]  Tiny Desk Concert[1: 3]    website[2: 1]      NPR[3: 1]    NPR[2: 2]      website[3: 1];;;0;0;0;31;36684
348;Who was the director of Llamas with Hats ?;undefined;director(undefined),Llamas with Hats(NE);ROOT[undefined: undefined]  director[1: 1]    Llamas with Hats[2: 1]  Llamas with Hats[1: 2]    director[2: 1];director,Llamas with Hats (NE);director,Llamas with Hats (match);0;0;0;3;21336
350;Who was the original actor who played Pinhead ?;undefined;actor(undefined),played(undefined),Pinhead(NE);ROOT[undefined: undefined]  actor[1: 1]    played[2: 1]      Pinhead[3: 1]    Pinhead[2: 2]      played[3: 1]  played[1: 2]    actor[2: 1]      Pinhead[3: 1]    Pinhead[2: 2]      actor[3: 1]  Pinhead[1: 3]    actor[2: 1]      played[3: 1]    played[2: 2]      actor[3: 1];actor,played,Pinhead (NE);performer,extended play,Pinhead (match);0;0;0;12;98628
353;Who wrote the poem Howl ?;undefined;wrote(undefined),poem(undefined),Howl(NE);ROOT[undefined: undefined]  wrote[1: 1]    poem[2: 1]      Howl[3: 1]    Howl[2: 2]      poem[3: 1]  poem[1: 2]    wrote[2: 1]      Howl[3: 1]    Howl[2: 2]      wrote[3: 1]  Howl[1: 3]    wrote[2: 1]      poem[3: 1]    poem[2: 2]      wrote[3: 1];;;0;0;0;64;200511
377;What is native name of the composer of the Japanese national anthem?;undefined;name(undefined),composer(undefined),Japanese(NE),anthem(undefined);ROOT[undefined: undefined]  name[1: 1]    composer[2: 1]      Japanese[3: 1]        anthem[4: 1]      anthem[3: 2]        Japanese[4: 1]    Japanese[2: 2]      composer[3: 1]        anthem[4: 1]      anthem[3: 2]        composer[4: 1]    anthem[2: 3]      composer[3: 1]        Japanese[4: 1]      Japanese[3: 2]        composer[4: 1]  composer[1: 2]    name[2: 1]      Japanese[3: 1]        anthem[4: 1]      anthem[3: 2]        Japanese[4: 1]    Japanese[2: 2]      name[3: 1]        anthem[4: 1]      anthem[3: 2]        name[4: 1]    anthem[2: 3]      name[3: 1]        Japanese[4: 1]      Japanese[3: 2]        name[4: 1]  Japanese[1: 3]    name[2: 1]      composer[3: 1]        anthem[4: 1]      anthem[3: 2]        composer[4: 1]    composer[2: 2]      name[3: 1]        anthem[4: 1]      anthem[3: 2]        name[4: 1]    anthem[2: 3]      name[3: 1]        composer[4: 1]      composer[3: 2]        name[4: 1]  anthem[1: 4]    name[2: 1]      composer[3: 1]        Japanese[4: 1]      Japanese[3: 2]        composer[4: 1]    composer[2: 2]      name[3: 1]        Japanese[4: 1]      Japanese[3: 2]        name[4: 1]    Japanese[2: 3]      name[3: 1]        composer[4: 1]      composer[3: 2]        name[4: 1];;;0;0;0;150;2824413
378;Who is the founder of the capital of Vietnam?;undefined;founder(undefined),capital(undefined),Vietnam(NE);ROOT[undefined: undefined]  founder[1: 1]    capital[2: 1]      Vietnam[3: 1]    Vietnam[2: 2]      capital[3: 1]  capital[1: 2]    founder[2: 1]      Vietnam[3: 1]    Vietnam[2: 2]      founder[3: 1]  Vietnam[1: 3]    founder[2: 1]      capital[3: 1]    capital[2: 2]      founder[3: 1];founder,capital,Vietnam (NE);founded by,capital,Vietnam (match);0;0;0;10;122351
379;Who is the manager of the operator of Neumayer III?;undefined;manager(undefined),operator(undefined),Neumayer III(NE);ROOT[undefined: undefined]  manager[1: 1]    operator[2: 1]      Neumayer III[3: 1]    Neumayer III[2: 2]      operator[3: 1]  operator[1: 2]    manager[2: 1]      Neumayer III[3: 1]    Neumayer III[2: 2]      manager[3: 1]  Neumayer III[1: 3]    manager[2: 1]      operator[3: 1]    operator[2: 2]      manager[3: 1];manager,operator,Neumayer III (NE);director / manager,operator,Neumayer III (match);0;0;0;50;291318
380;How high is the mountain on which Günther Messner died?;undefined;mountain(undefined),Günther Messner(NE),died(undefined);ROOT[undefined: undefined]  mountain[1: 1]    Günther Messner[2: 1]      died[3: 1]    died[2: 2]      Günther Messner[3: 1]  Günther Messner[1: 2]    mountain[2: 1]      died[3: 1]    died[2: 2]      mountain[3: 1]  died[1: 3]    mountain[2: 1]      Günther Messner[3: 1]    Günther Messner[2: 2]      mountain[3: 1];Günther Messner (NE),died,mountain;Günther Messner (match),place of death,mountain;0;0;0;16;39775
383;What is the area of the capital of Spitsbergen?;undefined;area(undefined),capital(undefined),Spitsbergen(NE);ROOT[undefined: undefined]  area[1: 1]    capital[2: 1]      Spitsbergen[3: 1]    Spitsbergen[2: 2]      capital[3: 1]  capital[1: 2]    area[2: 1]      Spitsbergen[3: 1]    Spitsbergen[2: 2]      area[3: 1]  Spitsbergen[1: 3]    area[2: 1]      capital[3: 1]    capital[2: 2]      area[3: 1];area,capital,Spitsbergen (NE);area,capital,Spitsbergen (match);0;0;0;11;65562
384;What percentage of Andorra is covered with water?;undefined;percentage(undefined),Andorra(NE),covered(undefined),water(undefined);ROOT[undefined: undefined]  percentage[1: 1]    Andorra[2: 1]      covered[3: 1]        water[4: 1]      water[3: 2]        covered[4: 1]    covered[2: 2]      Andorra[3: 1]        water[4: 1]      water[3: 2]        Andorra[4: 1]    water[2: 3]      Andorra[3: 1]        covered[4: 1]      covered[3: 2]        Andorra[4: 1]  Andorra[1: 2]    percentage[2: 1]      covered[3: 1]        water[4: 1]      water[3: 2]        covered[4: 1]    covered[2: 2]      percentage[3: 1]        water[4: 1]      water[3: 2]        percentage[4: 1]    water[2: 3]      percentage[3: 1]        covered[4: 1]      covered[3: 2]        percentage[4: 1]  covered[1: 3]    percentage[2: 1]      Andorra[3: 1]        water[4: 1]      water[3: 2]        Andorra[4: 1]    Andorra[2: 2]      percentage[3: 1]        water[4: 1]      water[3: 2]        percentage[4: 1]    water[2: 3]      percentage[3: 1]        Andorra[4: 1]      Andorra[3: 2]        percentage[4: 1]  water[1: 4]    percentage[2: 1]      Andorra[3: 1]        covered[4: 1]      covered[3: 2]        Andorra[4: 1]    Andorra[2: 2]      percentage[3: 1]        covered[4: 1]      covered[3: 2]        percentage[4: 1]    covered[2: 3]      percentage[3: 1]        Andorra[4: 1]      Andorra[3: 2]        percentage[4: 1];;;0;0;0;165;1395203
387;At what coordinates was the "Sender Teutoburger Wald" erected?;undefined;coordinates(undefined),Sender Teutoburger Wald(NE),erected(undefined);ROOT[undefined: undefined]  coordinates[1: 1]    Sender Teutoburger Wald[2: 1]      erected[3: 1]    erected[2: 2]      Sender Teutoburger Wald[3: 1]  Sender Teutoburger Wald[1: 2]    coordinates[2: 1]      erected[3: 1]    erected[2: 2]      coordinates[3: 1]  erected[1: 3]    coordinates[2: 1]      Sender Teutoburger Wald[3: 1]    Sender Teutoburger Wald[2: 2]      coordinates[3: 1];;;0;0;0;91;963827
388;Where is the poet Alexander Pope buried?;undefined;poet(undefined),Alexander Pope(NE),buried(undefined);ROOT[undefined: undefined]  poet[1: 1]    Alexander Pope[2: 1]      buried[3: 1]    buried[2: 2]      Alexander Pope[3: 1]  Alexander Pope[1: 2]    poet[2: 1]      buried[3: 1]    buried[2: 2]      poet[3: 1]  buried[1: 3]    poet[2: 1]      Alexander Pope[3: 1]    Alexander Pope[2: 2]      poet[3: 1];;;0;0;0;21;253350
390;Who founded the architectural firm who planned the Elbphilharmonie?;undefined;founded(undefined),firm(undefined),planned(undefined),Elbphilharmonie(NE);ROOT[undefined: undefined]  founded[1: 1]    firm[2: 1]      planned[3: 1]        Elbphilharmonie[4: 1]      Elbphilharmonie[3: 2]        planned[4: 1]    planned[2: 2]      firm[3: 1]        Elbphilharmonie[4: 1]      Elbphilharmonie[3: 2]        firm[4: 1]    Elbphilharmonie[2: 3]      firm[3: 1]        planned[4: 1]      planned[3: 2]        firm[4: 1]  firm[1: 2]    founded[2: 1]      planned[3: 1]        Elbphilharmonie[4: 1]      Elbphilharmonie[3: 2]        planned[4: 1]    planned[2: 2]      founded[3: 1]        Elbphilharmonie[4: 1]      Elbphilharmonie[3: 2]        founded[4: 1]    Elbphilharmonie[2: 3]      founded[3: 1]        planned[4: 1]      planned[3: 2]        founded[4: 1]  planned[1: 3]    founded[2: 1]      firm[3: 1]        Elbphilharmonie[4: 1]      Elbphilharmonie[3: 2]        firm[4: 1]    firm[2: 2]      founded[3: 1]        Elbphilharmonie[4: 1]      Elbphilharmonie[3: 2]        founded[4: 1]    Elbphilharmonie[2: 3]      founded[3: 1]        firm[4: 1]      firm[3: 2]        founded[4: 1]  Elbphilharmonie[1: 4]    founded[2: 1]      firm[3: 1]        planned[4: 1]      planned[3: 2]        firm[4: 1]    firm[2: 2]      founded[3: 1]        planned[4: 1]      planned[3: 2]        founded[4: 1]    planned[2: 3]      founded[3: 1]        firm[4: 1]      firm[3: 2]        founded[4: 1];firm,planned,founded,Elbphilharmonie (NE);enterprise,project,inception,Elbphilharmonie (match);0;0;0;254;3088611
391;Where are the founders of the band Metallica from?;undefined;founders(undefined),band(undefined),Metallica(NE);ROOT[undefined: undefined]  founders[1: 1]    band[2: 1]      Metallica[3: 1]    Metallica[2: 2]      band[3: 1]  band[1: 2]    founders[2: 1]      Metallica[3: 1]    Metallica[2: 2]      founders[3: 1]  Metallica[1: 3]    founders[2: 1]      band[3: 1]    band[2: 2]      founders[3: 1];;;0;0;0;112;453520
392;Where does the Granny Smith apple variety come from?;undefined;Granny Smith(NE),apple variety(undefined),come(undefined);ROOT[undefined: undefined]  Granny Smith[1: 1]    apple variety[2: 1]      come[3: 1]    come[2: 2]      apple variety[3: 1]  apple variety[1: 2]    Granny Smith[2: 1]      come[3: 1]    come[2: 2]      Granny Smith[3: 1]  come[1: 3]    Granny Smith[2: 1]      apple variety[3: 1]    apple variety[2: 2]      Granny Smith[3: 1];Granny Smith (NE),apple variety,come;Granny Smith (match),apple cultivar,total produced;0;0;0;4;11936
