ID;QALD;IDS SPARQL;Keywords Extracted;instrTree.txt;instrPath;Longest QT-Path;Precision;Recall;F1-Score;Runtime;Nb Call
9;At which school was Yayoi Kusama educated at?;undefined;school(undefined),Yayoi Kusama(NE),educated(undefined);;Yayoi Kusama (NE),educated,school;Yayoi Kusama (match),notable work,residence;0;0;0;4;16243
10;Which High School did Allen Ginsberg attend?;undefined;High School(undefined),Allen Ginsberg(NE),attend(undefined);;Allen Ginsberg (NE),attend,High School;Allen Ginsberg (match),educated at,Colonial Colleges;0;0;0;4;47509
40;How is the Harz called in Mandarin Chinese?;undefined;Harz(NE),called(undefined),Mandarin Chinese(NE);;Mandarin Chinese (NE);Mandarin Chinese (match);0;0;0;148;204318
125;In which federal state is the Veltins brewery headquarter?;undefined;state(undefined),Veltins brewery(undefined);;;;0;0;0;1;43154
126;In which stadium do the New York Yankees play?;undefined;stadium(undefined),New York Yankees(NE),play(undefined);;New York Yankees (NE),stadium,play;New York Yankees (match),home venue,sport;0;0;0;4;45042
127;In which countries is the Himalayas located?;undefined;countries(undefined),Himalayas(NE),located(undefined);;Himalayas (NE),countries,located;Himalayas (match),country,area;0;0;0;6;47695
130;In which country did the United Fruit Company have their headquarters?;undefined;country(undefined),United Fruit Company(NE),headquarters(undefined);;United Fruit Company (NE),country,headquarters;United Fruit Company (match),country,coordinate location;0;0;0;7;38821
133;In which country was Spotify created?;undefined;country(undefined),Spotify(NE),created(undefined);;Spotify (NE),created,country;Spotify (match),form of creative work,partially coincident with;0;0;0;4;94047
138;In which year did ABBA publish their album The Visitors ?;undefined;year(undefined),ABBA(NE),publish(undefined),album(undefined),The Visitors(NE);;ABBA (NE),year,publish,album,The Visitors (NE);ABBA (match),member category,category combines topics,notable work,The Visitors (match);0;0;0;16;86461
139;In which year was the author of “The Vanishing Half” born?;undefined;year(undefined),author(undefined),The Vanishing Half”(NE),born(undefined);;The Vanishing Half” (NE),year,author,born;The Vanishing Half” (match),publication date,time of earliest written record,category for people born here;0;0;0;6;62253
163;Of which political party was Joseph Beuys a member?;undefined;party(undefined),Joseph Beuys(NE),member(undefined);;Joseph Beuys (NE),party,member;Joseph Beuys (match),member of political party,member count;0;0;0;4;26494
164;In what year did the Hollywood Walk of Fame open?;undefined;year(undefined),Hollywood Walk of Fame(NE);;Hollywood Walk of Fame (NE),year;Hollywood Walk of Fame (match),visitors per year;0;0;0;3;5526
165;on which video streaming services can i watch hunter x hunter anime series?;undefined;video streaming services(undefined),watch(undefined),hunter x hunter anime series(undefined);;;;0;0;0;1;61676
167;In what year did the district of Höxter come into existence?;undefined;year(undefined),district(undefined),Höxter(NE),come(undefined),existence(undefined);;Höxter (NE),year,district,come,existence;Höxter (match),significant event,country,start point,human migration;0;0;0;6;83336
173;Through which countries does the Danube go?;undefined;countries(undefined),Danube(NE),go(undefined);;Danube (NE),go,countries;Danube (match),next crossing downstream,country;1;0.1;0.18181818181818182;4;60084
174;What do sperm whales mainly eat?;undefined;sperm whales(undefined),eat(undefined);;;;0;0;0;1;30431
184;Which river flows through the Grand Canyon?;undefined;river(undefined),flows(undefined),Grand Canyon(NE);;Grand Canyon (NE),flows,river;Grand Canyon (match),drainage basin,drainage basin;0;0;0;4;33919
189;What are the professions of John Lennon’s sons?;undefined;professions(undefined),John Lennon’s(NE),sons(undefined);;John Lennon’s (NE),sons,professions;John Lennon’s (match),father,notable work;0;0;0;4;51650
192;What colors does the German national flag have?;undefined;colors(undefined),German(NE),flag(undefined);;German (NE),colors,flag;German (match),bathymetry image,image;0;0;0;6;92173
198;What instruments did Louis Armstrong play?;undefined;instruments(undefined),Louis Armstrong(NE),play(undefined);;Louis Armstrong (NE),play,instruments;Louis Armstrong (match),league,competition class;0;0;0;4;28488
200;What is the binary gender of the partner of Allen Ginsberg ?;undefined;gender(undefined),partner(undefined),Allen Ginsberg(NE);;Allen Ginsberg (NE),partner,gender;Allen Ginsberg (match),unmarried partner,sex or gender;1;1;1;4;8444
201;What is the capital of the prefecture Tokyo ?;undefined;capital(undefined),prefecture(undefined),Tokyo(NE);;Tokyo (NE),prefecture,capital;Tokyo (match),prefecture of Japan,capital;0.5;1;0.6666666666666666;4;22120
202;What is the Chinese zodiac animal that follows the ox?;undefined;Chinese(NE),zodiac animal(undefined),follows(undefined),ox(undefined);;Chinese (NE);Chinese (match);0;0;0;2;111371
214;What are the occupations of Kazuo Ishiguro’s daughter?;undefined;occupations(undefined),Kazuo Ishiguro’s(NE),daughter(undefined);;Kazuo Ishiguro’s (NE),daughter,occupations;Kazuo Ishiguro’s (match),mother,occupation;1;1;1;4;5552
221;What language do they speak in Poland ?;undefined;language(undefined),speak(undefined),Poland(NE);;Poland (NE),speak,language;Poland (match),languages spoken, written or signed,religion or worldview;0;0;0;4;47899
234;Who was the fellow Hobbit who was an enemy of Frodo?;undefined;Hobbit(NE),enemy(undefined),Frodo(NE);;Frodo (NE);Frodo (match);0;0;0;17;20340
236;What was the main subject addressed in the Deep Purple song “Smoke on the water”?;undefined;subject(undefined),addressed(undefined),Deep Purple song(undefined),Smoke on the water(NE);;Smoke on the water (NE),subject,addressed,Deep Purple song;Smoke on the water (match),participant,given name,Soundex;0;0;0;72;813897
238;What year did the Berlin Wall fall?;undefined;year(undefined),Berlin Wall(NE),fall(undefined);;Berlin Wall (NE),fall,year;Berlin Wall (match),set in period,start time;0;0;0;4;20379
245;When did the brother of the author of Slaughterhouse Five die?;undefined;brother(undefined),author(undefined),Slaughterhouse Five(NE);;Slaughterhouse Five (NE),brother,author;Slaughterhouse Five (match),family name,writing system;0;0;0;4;7224
246;when was the creator of saturday night live born?;undefined;creator(undefined),saturday night live(NE),born(undefined);;saturday night live (NE),creator,born;saturday night live (match),creator,birth name;0;0;0;4;8582
253;when was the magazine in which hunter x hunter is published established?;undefined;magazine(undefined),hunter x hunter(NE),published(undefined),established(undefined);;hunter x hunter (NE),magazine,published,established;hunter x hunter (match),publisher,publisher,inception;0;0;0;5;19461
268;When was the poem Howl written?;undefined;poem Howl(undefined),written(undefined);;;;0;0;0;1;19664
280;Where was K-pop star Lisa Manoban born?;undefined;K pop star Lisa Manoban(undefined),born(undefined);;;;0;0;0;1;11766
282;Where did the psychedelic band “Khruangbin” form?;undefined;band(undefined),Khruangbin form(undefined);;;;0;0;0;1;11283
284;Where was Goethe’s unmarried partner born ?;undefined;Goethe(NE),partner(undefined),born(undefined);;Goethe (NE),partner,born;Goethe (match),unmarried partner,birth name;0;0;0;4;17569
286;Where was the author of The Catcher in the Rye born ?;undefined;author(undefined),The Catcher in the Rye(NE),born(undefined);;The Catcher in the Rye (NE),author,born;The Catcher in the Rye (match),author,given name;0;0;0;4;10509
296;Which businesses are founded by the person in charge of Tesla?;undefined;businesses(undefined),founded(undefined),person(undefined),charge(undefined),Tesla(NE);;Tesla (NE),businesses,founded,person,charge;Tesla (match),business,affiliated worker organisation,works council,affiliated worker organisation;0;0;0;6;22157
298;Which aircraft did Howard Hughes build?;undefined;aircraft(undefined),Howard Hughes(NE),build(undefined);;Howard Hughes (NE),build,aircraft;Howard Hughes (match),developer,proposed aircraft;2;1;1.3333333333333333;4;12512
301;Which disease caused the death of Mark Twain?;undefined;disease(undefined),caused(undefined),death(undefined),Mark Twain(NE);;Mark Twain (NE),death,caused,disease;Mark Twain (match),manner of death,end cause,human;0;0;0;5;19610
302;Which diseases can be caused by smoking ?;undefined;diseases(undefined),caused(undefined),smoking(undefined);;;;0;0;0;1;24115
305;Which kingdom preceded the Thonburi Kingdom ?;undefined;kingdom(undefined),preceded(undefined),Thonburi Kingdom(NE);;Thonburi Kingdom (NE),preceded,kingdom;Thonburi Kingdom (match),follows,continent;0;0;0;4;6736
307;Which movements is the painting “Les Demoiselles d'Avignon” assigned to?;undefined;movements(undefined),painting(undefined),Les Demoiselles d'Avignon(NE),assigned(undefined);;Les Demoiselles d'Avignon (NE),movements,painting,assigned;Les Demoiselles d'Avignon (match),movement,painting movement,named after;0;0;0;5;13865
308;Which movies belong to the Cornetto trilogy ?;undefined;movies(undefined),belong(undefined),Cornetto trilogy(undefined);;;;0;0;0;1;12628
309;During what event was the Four Policemen Council proposed?;undefined;event(undefined),Four Policemen Council(NE),proposed(undefined);;;;0;0;0;1;46351
312;Which other movies by the director of Another Round also starred Mads Mikkelsen ?;undefined;movies(undefined),director(undefined),Another Round(NE),starred(undefined),Mads Mikkelsen(NE);;Another Round (NE),director,movies,starred,Mads Mikkelsen (NE);Another Round (match),director,screenwriter,cast member,Mads Mikkelsen (match);0;0;0;9;18197
316;Which songs made up the album Fijación Oral vol. 1 ?;undefined;songs(undefined),made(undefined),album Fijación(undefined),vol.(undefined);;;;0;0;0;1;3787
320;Which teams participated in the 2020 UEFA Champions League Final ?;undefined;teams(undefined),participated(undefined),UEFA Champions League Final(NE);;UEFA Champions League Final (NE),participated,teams;UEFA Champions League Final (match),participant,professional sports team;0;0;0;5;10938
335;Who is the creator of the Dinosaurs tv show ?;undefined;creator(undefined),Dinosaurs tv show(undefined);;;;0;0;0;1;6451
341;In which country is the Nanga Parbat located?;undefined;country(undefined),Nanga Parbat(NE),located(undefined);;Nanga Parbat (NE),country,located;Nanga Parbat (match),country,area;0;0;0;7;15196
344;For what literature prize was Simone de Beauvoir nominated?;undefined;literature prize(undefined),Simone de Beauvoir(NE),nominated(undefined);;Simone de Beauvoir (NE),nominated,literature prize;Simone de Beauvoir (match),award received,literary award;0;0;0;4;10583
345;What is the website of NPR's “Tiny Desk Concert”?;undefined;website(undefined),NPR(NE),Tiny Desk Concert(NE);;Tiny Desk Concert (NE),website;Tiny Desk Concert (match),logo image;0;0;0;8;10181
348;Who was the director of Llamas with Hats ?;undefined;director(undefined),Llamas with Hats(NE);;Llamas with Hats (NE),director;Llamas with Hats (match),director;1;1;1;3;2883
350;Who was the original actor who played Pinhead ?;undefined;actor(undefined),played(undefined),Pinhead(NE);;Pinhead (NE),played,actor;Pinhead (match),extended play,performer;0;0;0;4;13078
353;Who wrote the poem Howl ?;undefined;wrote(undefined),poem Howl(undefined);;;;0;0;0;1;5901
377;What is native name of the composer of the Japanese national anthem?;undefined;name(undefined),composer(undefined),Japanese(NE),anthem(undefined);;Japanese (NE),name,composer,anthem;Japanese (match),language of work or name,writing language,anthem;0;0;0;49;138295
378;Who is the founder of the capital of Vietnam?;undefined;founder(undefined),capital(undefined),Vietnam(NE);;Vietnam (NE),capital,founder;Vietnam (match),capital,creator;0;0;0;4;38351
379;Who is the manager of the operator of Neumayer III?;undefined;manager(undefined),operator(undefined),Neumayer III(NE);;Neumayer III (NE),operator,manager;Neumayer III (match),operator,director / manager;0.2;1;0.33333333333333337;4;9209
380;How high is the mountain on which Günther Messner died?;undefined;mountain(undefined),Günther Messner(NE),died(undefined);;Günther Messner (NE),died,mountain;Günther Messner (match),family name,different from;0;0;0;6;11298
383;What is the area of the capital of Spitsbergen?;undefined;area(undefined),capital(undefined),Spitsbergen(NE);;Spitsbergen (NE),capital,area;Spitsbergen (match),capital,area;1;1;1;4;13394
384;What percentage of Andorra is covered with water?;undefined;percentage(undefined),Andorra(NE),covered(undefined),water(undefined);;Andorra (NE),percentage,covered,water;Andorra (match),total fertility rate,residence time of water,lake outflow;0;0;0;5;25201
387;At what coordinates was the "Sender Teutoburger Wald" erected?;undefined;coordinates(undefined),Sender Teutoburger Wald(NE),erected(undefined);;Sender Teutoburger Wald (NE),coordinates,erected;Sender Teutoburger Wald (match),located in the administrative territorial entity,named after;0;0;0;5;9046
388;Where is the poet Alexander Pope buried?;undefined;poet(undefined),Alexander Pope(NE),buried(undefined);;Alexander Pope (NE),poet,buried;Alexander Pope (match),librettist,different from;0;0;0;4;8364
390;Who founded the architectural firm who planned the Elbphilharmonie?;undefined;founded(undefined),firm(undefined),planned(undefined),Elbphilharmonie(NE);;Elbphilharmonie (NE),planned,firm,founded;Elbphilharmonie (match),main building contractor,business,inception;0;0;0;7;11457
391;Where are the founders of the band Metallica from?;undefined;founders(undefined),band(undefined),Metallica(NE);;Metallica (NE),band,founders;Metallica (match),heavy metal band,inception;0;0;0;4;12213
